<?xml version="1.0" encoding="UTF-8"?><rss version="2.0"
	xmlns:content="http://purl.org/rss/1.0/modules/content/"
	xmlns:wfw="http://wellformedweb.org/CommentAPI/"
	xmlns:dc="http://purl.org/dc/elements/1.1/"
	xmlns:atom="http://www.w3.org/2005/Atom"
	xmlns:sy="http://purl.org/rss/1.0/modules/syndication/"
	xmlns:slash="http://purl.org/rss/1.0/modules/slash/"
	>

<channel>
	<title>SkinCare Archivi - ILoveGlamour</title>
	<atom:link href="/product-category/skincare/feed/" rel="self" type="application/rss+xml" />
	<link>/product-category/skincare/</link>
	<description></description>
	<lastBuildDate>Fri, 03 Mar 2023 14:30:44 +0000</lastBuildDate>
	<language>it-IT</language>
	<sy:updatePeriod>
	hourly	</sy:updatePeriod>
	<sy:updateFrequency>
	1	</sy:updateFrequency>
	<generator>https://wordpress.org/?v=6.1.1</generator>

<image>
	<url>/wp-content/uploads/2023/03/cropped-Logo_esame1-removebg-preview-32x32.png</url>
	<title>SkinCare Archivi - ILoveGlamour</title>
	<link>/product-category/skincare/</link>
	<width>32</width>
	<height>32</height>
</image> 
	<item>
		<title>Siero Viso e Contorno Occhi</title>
		<link>/product/1056/</link>
					<comments>/product/1056/#respond</comments>
		
		<dc:creator><![CDATA[Jay]]></dc:creator>
		<pubDate>Fri, 03 Mar 2023 14:24:29 +0000</pubDate>
				<guid isPermaLink="false">/?post_type=product#038;p=1056</guid>

					<description><![CDATA[<p>Il Bio Siero Vitamina C/E ed Acido Ialuronico Puro al 100% è un prodotto di bellezza straordinario, perfetto per chi cerca una soluzione biologica e vegana per prendersi cura della pelle. Questo siero viso, collo e contorno occhi, formulato con ingredienti di altissima qualità, è il segreto per una pelle luminosa, levigata e dall'aspetto giovane.</p>
<p>L'articolo <a rel="nofollow" href="/product/1056/">Siero Viso e Contorno Occhi</a> proviene da <a rel="nofollow" href="/">ILoveGlamour</a>.</p>
]]></description>
										<content:encoded><![CDATA[<p>Il Bio Siero Vitamina C/E ed Acido Ialuronico Puro al 100% è un prodotto di bellezza straordinario, perfetto per chi cerca una soluzione biologica e vegana per prendersi cura della pelle. Questo siero viso, collo e contorno occhi, formulato con ingredienti di altissima qualità, è il segreto per una pelle luminosa, levigata e dall&#8217;aspetto giovane.</p>
<p>La vitamina C ed E, presenti in questo siero, sono noti antiossidanti naturali che aiutano a proteggere la pelle dai danni dei radicali liberi, prevenendo l&#8217;invecchiamento cutaneo, le rughe e le macchie scure. L&#8217;acido ialuronico, invece, è una molecola naturalmente presente nella pelle che ha la capacità di trattenere l&#8217;acqua, mantenendo la pelle idratata e dall&#8217;aspetto fresco e giovane.</p>
<p>Questo siero viso biologico è adatto a tutti i tipi di pelle, anche quelle più sensibili, ed è particolarmente indicato per le pelli mature o per quelle che presentano rughe e macchie scure. Inoltre, questo siero è ideale anche per chi utilizza il dermaroller, poiché aiuta a migliorare l&#8217;efficacia del trattamento.</p>
<p>Il Bio Siero Vitamina C/E ed Acido Ialuronico Puro al 100% è prodotto interamente in Italia con ingredienti biologici di alta qualità e senza l&#8217;utilizzo di sostanze nocive per la pelle o per l&#8217;ambiente. Grazie alla sua formulazione unica, questo siero è in grado di proteggere e nutrire la pelle, lasciandola morbida, levigata e dall&#8217;aspetto giovane e sano. Scegli il Bio Siero Vitamina C/E ed Acido Ialuronico Puro al 100% e scopri il segreto per una pelle sana, luminosa e giovane!</p>
<p>L'articolo <a rel="nofollow" href="/product/1056/">Siero Viso e Contorno Occhi</a> proviene da <a rel="nofollow" href="/">ILoveGlamour</a>.</p>
]]></content:encoded>
					
					<wfw:commentRss>/product/1056/feed/</wfw:commentRss>
			<slash:comments>0</slash:comments>
		
		
			</item>
		<item>
		<title>Set HairCare Moschino x Chiara Ferragni</title>
		<link>/product/set-haircare-moschino-x-chiara-ferragni/</link>
					<comments>/product/set-haircare-moschino-x-chiara-ferragni/#respond</comments>
		
		<dc:creator><![CDATA[Jay]]></dc:creator>
		<pubDate>Fri, 03 Mar 2023 14:20:50 +0000</pubDate>
				<guid isPermaLink="false">/?post_type=product#038;p=1054</guid>

					<description><![CDATA[<p>Il kit regalo Pantene Moschino, in collaborazione con Chiara Ferragni, è la soluzione perfetta per chi desidera avere capelli sani, luminosi e protetti. Questo kit completo comprende uno shampoo da 250 ml, una maschera da 300 ml e un olio capelli ristrutturante da 100 ml, tutti specificamente formulati per la protezione della cheratina dei capelli secchi e danneggiati.</p>
<p>L'articolo <a rel="nofollow" href="/product/set-haircare-moschino-x-chiara-ferragni/">Set HairCare Moschino x Chiara Ferragni</a> proviene da <a rel="nofollow" href="/">ILoveGlamour</a>.</p>
]]></description>
										<content:encoded><![CDATA[<p>Il kit regalo Pantene Moschino, in collaborazione con Chiara Ferragni, è la soluzione perfetta per chi desidera avere capelli sani, luminosi e protetti. Questo kit completo comprende uno shampoo da 250 ml, una maschera da 300 ml e un olio capelli ristrutturante da 100 ml, tutti specificamente formulati per la protezione della cheratina dei capelli secchi e danneggiati.</p>
<p>Lo shampoo Pantene Moschino, arricchito con cheratina, aiuta a proteggere i capelli dall&#8217;effetto disidratante dei raggi UV e dallo stress quotidiano, donando una morbidezza setosa e una lucentezza naturale ai capelli. La maschera capelli Pantene Moschino, a base di cheratina, dona ai capelli secchi e danneggiati una profonda idratazione e nutrizione, migliorando la resistenza e la morbidezza dei capelli.</p>
<p>L&#8217;olio capelli ristrutturante Pantene Moschino, arricchito con cheratina e olio di jojoba, aiuta a riparare i capelli danneggiati e a proteggere la fibra capillare dalle aggressioni esterne, lasciando i capelli morbidi, idratati e luminosi. Grazie alla sua texture leggera e non appiccicosa, questo olio si assorbe rapidamente, senza lasciare residui.</p>
<p>Il kit regalo Pantene Moschino in collaborazione con Chiara Ferragni è il segreto per avere capelli sani, luminosi e protetti, anche nei periodi più stressanti. La sua formula arricchita con cheratina e ingredienti naturali è delicata sui capelli e non contiene sostanze nocive per la salute dei capelli e del cuoio capelluto. Scegli il nostro kit regalo Pantene Moschino e scopri come la protezione della cheratina può rendere i tuoi capelli belli e sani come non mai.</p>
<p>L'articolo <a rel="nofollow" href="/product/set-haircare-moschino-x-chiara-ferragni/">Set HairCare Moschino x Chiara Ferragni</a> proviene da <a rel="nofollow" href="/">ILoveGlamour</a>.</p>
]]></content:encoded>
					
					<wfw:commentRss>/product/set-haircare-moschino-x-chiara-ferragni/feed/</wfw:commentRss>
			<slash:comments>0</slash:comments>
		
		
			</item>
	</channel>
</rss>
